epoch,attribute_loss,blue_cates_loss,blue_cates_top1,blue_cates_top2,blue_cates_top3,blue_cates_top5,blue_lands_loss,concate_category_loss,loss,val_attribute_loss,val_blue_cates_loss,val_blue_cates_top1,val_blue_cates_top2,val_blue_cates_top3,val_blue_cates_top5,val_blue_lands_loss,val_concate_category_loss,val_loss
0,7.383638381958008,1.6743918657302856,0.22386214137077332,0.3895757794380188,0.5087705850601196,0.6728228330612183,5.887127876281738,1.7929725646972656,8.479181289672852,5.074809551239014,1.4988698959350586,0.3386552333831787,0.5571810603141785,0.6607820987701416,0.7874525189399719,4.162991046905518,2.1831233501434326,6.3876543045043945
1,4.711598873138428,1.2761529684066772,0.33092495799064636,0.5323390960693359,0.6575612425804138,0.8066223859786987,5.016420364379883,1.3106952905654907,6.894806385040283,4.816788673400879,1.4308722019195557,0.3637642562389374,0.5573217272758484,0.6785061359405518,0.801730215549469,4.338141441345215,1.7966947555541992,6.430362224578857
