epoch,attribute_loss,blue_cates_loss,blue_cates_top1,blue_cates_top2,blue_cates_top3,blue_cates_top5,blue_lands_loss,concate_category_loss,loss,val_attribute_loss,val_blue_cates_loss,val_blue_cates_top1,val_blue_cates_top2,val_blue_cates_top3,val_blue_cates_top5,val_blue_lands_loss,val_concate_category_loss,val_loss
2023,4.748528480529785,1.3775219917297363,0.31118151545524597,0.5175411701202393,0.6409860253334045,0.7933312654495239,4.984171390533447,1.4008461236953735,6.976630687713623,4.7767157554626465,1.2481935024261475,0.33316922187805176,0.5657616853713989,0.6795611381530762,0.8200168609619141,3.484103202819824,1.4213889837265015,5.352107524871826
