epoch,attribute_loss,blue_cates_loss,blue_cates_top1,blue_cates_top2,blue_cates_top3,blue_cates_top5,blue_lands_loss,concate_category_loss,loss,val_attribute_loss,val_blue_cates_loss,val_blue_cates_top1,val_blue_cates_top2,val_blue_cates_top3,val_blue_cates_top5,val_blue_lands_loss,val_concate_category_loss,val_loss
2023,4.73329496383667,1.3529080152511597,0.31496793031692505,0.5197048187255859,0.6441156268119812,0.7999382019042969,4.998772144317627,1.3626420497894287,6.961277961730957,4.753983020782471,1.3622279167175293,0.283724844455719,0.48297932744026184,0.5850330591201782,0.7266141772270203,3.744037628173828,1.916894555091858,5.773351192474365
